timestamp,event,x,y,z
2021-10-28T12:29:18Z,MOVE,10,-10,1
2021-10-28T03:53:52Z,MOVE,1,2,2
2021-10-28T03:50:29Z,MOVE,2,1,1
2021-10-28T03:46:33Z,MOVE,-250,-250,-250
2021-10-28T03:42:47Z,MOVE,-1000,-1000,-999
2021-10-28T03:42:07Z,MOVE,1000,1000,999
2021-10-28T03:41:26Z,MOVE,250,250,250
2021-10-28T03:40:37Z,MOVE,0,-1,-1
2021-10-28T03:00:18Z,MOVE,384,135,-786
2021-10-28T02:54:38Z,MOVE,0,-1,0
2021-10-28T02:53:05Z,MOVE,588,345,763
2021-10-25T13:52:21Z,MOVE,-1,-1,0
2021-10-25T13:51:14Z,MOVE,0,1,1
2021-10-25T13:44:49Z,MOVE,-2,-1,-1
2021-10-25T11:24:15Z,MOVE,0,2,1
2021-10-25T11:23:03Z,MOVE,0,2,1
2021-10-25T05:03:53Z,MOVE,1,2,1
2021-10-25T05:03:33Z,MOVE,-649,-563,-89
2021-10-25T04:52:04Z,MOVE,24,24,26
2021-10-25T04:05:49Z,MOVE,1,6,82
2021-10-25T03:06:14Z,MOVE,-1,1,0
2021-10-25T02:48:10Z,MOVE,694,20,69
2021-10-25T02:18:05Z,MINT,10,1,20
2021-10-25T02:17:14Z,MINT,694,2,69
2021-10-25T02:16:59Z,MINT,22,9,86
2021-10-25T02:16:04Z,MINT,21,5,88
2021-10-25T02:16:04Z,MINT,-845,839,703
2021-10-25T02:15:51Z,MINT,-100,-100,-100
2021-10-25T02:15:45Z,MINT,-923,763,-594
2021-10-25T02:15:38Z,MINT,-9,-6,-91
2021-10-25T02:15:38Z,MINT,-820,58,457
2021-10-25T02:15:38Z,MINT,11,-11,11
2021-10-25T02:15:25Z,MINT,444,555,666
2021-10-25T02:15:06Z,MINT,6,171,-888
2021-10-25T02:15:06Z,MINT,0,0,-1
2021-10-25T02:15:06Z,MINT,94,527,206
2021-10-25T02:15:06Z,MINT,742,458,-811
2021-10-25T02:15:06Z,MINT,683,-742,251
2021-10-25T02:15:06Z,MINT,69,420,777
2021-10-25T02:14:45Z,MINT,11,11,1
2021-10-25T02:14:39Z,MINT,-999,-999,999
2021-10-25T02:14:33Z,MINT,147,258,369
2021-10-25T02:14:33Z,MINT,142,974,556
2021-10-25T02:14:33Z,MINT,-137,412,-252
2021-10-25T02:14:33Z,MINT,-86,220,-832
2021-10-25T02:14:33Z,MINT,11,111,111
2021-10-25T02:14:33Z,MINT,63,22,26
2021-10-25T02:14:33Z,MINT,442,-699,-761
2021-10-25T02:14:33Z,MINT,-420,420,-420
2021-10-25T02:14:33Z,MINT,-985,738,-165
2021-10-25T02:14:33Z,MINT,-278,356,850
2021-10-25T02:14:33Z,MINT,69,666,69
2021-10-25T02:14:33Z,MINT,-623,585,360
2021-10-25T02:14:33Z,MINT,829,-270,38
2021-10-25T02:14:13Z,MINT,29,297,482
2021-10-25T02:14:13Z,MINT,-206,966,-42
2021-10-25T02:14:13Z,MINT,-69,420,-420
2021-10-25T02:14:13Z,MINT,989,421,-204
2021-10-25T02:14:13Z,MINT,972,137,-487
2021-10-25T02:14:00Z,MINT,-5,12,8
2021-10-25T02:14:00Z,MINT,-615,-632,702
2021-10-25T02:14:00Z,MINT,8,4,12
2021-10-25T02:14:00Z,MINT,-915,501,-160
2021-10-25T02:13:53Z,MINT,356,-703,-86
2021-10-25T02:13:46Z,MINT,-183,780,-348
2021-10-25T02:13:46Z,MINT,0,0,-1
2021-10-25T02:13:46Z,MINT,382,374,-631
2021-10-25T02:13:46Z,MINT,-195,334,-560
2021-10-25T02:13:46Z,MINT,10,999,888
2021-10-25T02:13:46Z,MINT,-18,-928,-554
2021-10-25T02:13:46Z,MINT,219,-726,-554
2021-10-25T02:13:46Z,MINT,8,0,8
2021-10-25T02:13:32Z,MINT,680,-417,587
2021-10-25T02:13:32Z,MINT,-973,465,-102
2021-10-25T02:13:32Z,MINT,6,9,0
2021-10-25T02:13:32Z,MINT,55,55,55
2021-10-25T02:13:32Z,MINT,696,-969,696
2021-10-25T02:13:26Z,MINT,18,679,-534
2021-10-25T02:13:26Z,MINT,-1,2,-3
2021-10-25T02:13:26Z,MINT,-696,-696,-696
2021-10-25T02:13:19Z,MINT,356,520,254
2021-10-25T02:13:19Z,MINT,7,0,6
2021-10-25T02:13:19Z,MINT,20,20,20
2021-10-25T02:13:12Z,MINT,-58,-165,930
2021-10-25T02:13:12Z,MINT,616,51,98
2021-10-25T02:13:12Z,MINT,408,526,389
2021-10-25T02:13:12Z,MINT,222,22,22
2021-10-25T02:13:12Z,MINT,111,-111,111
2021-10-25T02:13:12Z,MINT,427,128,-945
2021-10-25T02:13:12Z,MINT,999,888,777
2021-10-25T02:13:12Z,MINT,-243,120,-789
2021-10-25T02:13:12Z,MINT,-22,-8,-96
2021-10-25T02:13:12Z,MINT,250,350,450
2021-10-25T02:13:00Z,MINT,729,729,729
2021-10-25T02:13:00Z,MINT,2,7,19
2021-10-25T02:12:52Z,MINT,69,420,100
2021-10-25T02:12:45Z,MINT,-112,112,120
2021-10-25T02:12:45Z,MINT,-439,-873,451
2021-10-25T02:12:45Z,MINT,451,-436,-133
2021-10-25T02:12:45Z,MINT,777,77,7
2021-10-25T02:12:45Z,MINT,4,8,12
2021-10-25T02:12:45Z,MINT,369,693,396
2021-10-25T02:12:45Z,MINT,-111,-333,-777
2021-10-25T02:12:45Z,MINT,13,26,39
2021-10-25T02:12:45Z,MINT,-22,-1,-96
2021-10-25T02:12:45Z,MINT,28,11,92
2021-10-25T02:12:45Z,MINT,7,7,10
2021-10-25T02:12:45Z,MINT,1,1,2
2021-10-25T02:12:45Z,MINT,983,-790,153
2021-10-25T02:12:45Z,MINT,0,69,1000
2021-10-25T02:12:45Z,MINT,-688,537,44
2021-10-25T02:12:45Z,MINT,123,456,111
2021-10-25T02:12:45Z,MINT,777,650,777
2021-10-25T02:12:45Z,MINT,-86,-130,971
2021-10-25T02:12:24Z,MINT,-986,272,223
2021-10-25T02:12:24Z,MINT,250,500,750
2021-10-25T02:12:24Z,MINT,666,777,888
2021-10-25T02:12:24Z,MINT,-1,2,-3
2021-10-25T02:12:17Z,MINT,-30,-247,703
2021-10-25T02:12:17Z,MINT,596,496,104
2021-10-25T02:12:17Z,MINT,690,690,690
2021-10-25T02:12:17Z,MINT,26,26,26
2021-10-25T02:12:11Z,MINT,870,-3,-446
2021-10-25T02:12:11Z,MINT,-16,36,-841
2021-10-25T02:12:11Z,MINT,-399,552,-192
2021-10-25T02:12:11Z,MINT,-367,-561,-121
2021-10-25T02:12:11Z,MINT,69,69,-420
2021-10-25T02:12:03Z,MINT,165,-250,453
2021-10-25T02:12:03Z,MINT,69,420,-1
2021-10-25T02:12:03Z,MINT,-11,11,-11
2021-10-25T02:12:03Z,MINT,520,250,777
2021-10-25T02:12:03Z,MINT,69,-69,420
2021-10-25T02:12:03Z,MINT,-1,-1,-2
2021-10-25T02:12:03Z,MINT,-126,126,126
2021-10-25T02:11:57Z,MINT,546,399,-423
2021-10-25T02:11:57Z,MINT,3,5,8
2021-10-25T02:11:57Z,MINT,9,99,999
2021-10-25T02:11:50Z,MINT,-217,888,405
2021-10-25T02:11:50Z,MINT,479,35,420
2021-10-25T02:11:44Z,MINT,31,10,90
2021-10-25T02:11:44Z,MINT,0,1000,1000
2021-10-25T02:11:44Z,MINT,-419,-169,435
2021-10-25T02:11:44Z,MINT,999,-999,999
2021-10-25T02:11:32Z,MINT,657,369,842
2021-10-25T02:11:32Z,MINT,239,124,848
2021-10-25T02:11:32Z,MINT,-781,-667,867
2021-10-25T02:11:32Z,MINT,-973,-786,65
2021-10-25T02:11:32Z,MINT,998,999,1000
2021-10-25T02:11:21Z,MINT,894,-257,-30
2021-10-25T02:11:21Z,MINT,-304,757,-72
2021-10-25T02:11:21Z,MINT,300,300,300
2021-10-25T02:11:21Z,MINT,126,126,126
2021-10-25T02:11:21Z,MINT,-250,250,250
2021-10-25T02:11:21Z,MINT,520,520,520
2021-10-25T02:11:21Z,MINT,888,8,888
2021-10-25T02:11:21Z,MINT,-705,-5,558
2021-10-25T02:11:21Z,MINT,-888,-88,-8
2021-10-25T02:11:21Z,MINT,50,0,0
2021-10-25T02:11:21Z,MINT,500,550,500
2021-10-25T02:11:21Z,MINT,183,831,318
2021-10-25T02:11:21Z,MINT,634,804,-223
2021-10-25T02:11:21Z,MINT,706,-77,-979
2021-10-25T02:11:21Z,MINT,158,315,-706
2021-10-25T02:11:21Z,MINT,24,15,36
2021-10-25T02:11:01Z,MINT,23,23,23
2021-10-25T02:11:01Z,MINT,-728,-632,-47
2021-10-25T02:11:01Z,MINT,800,8,5
2021-10-25T02:11:01Z,MINT,-390,-793,429
2021-10-25T02:11:01Z,MINT,102,45,196
2021-10-25T02:10:47Z,MINT,10,6,95
2021-10-25T02:10:47Z,MINT,746,-327,-227
2021-10-25T02:10:47Z,MINT,1,2,30
2021-10-25T02:10:47Z,MINT,616,895,-627
2021-10-25T02:10:47Z,MINT,-9,-30,-21
2021-10-25T02:10:47Z,MINT,-746,971,46
2021-10-25T02:10:47Z,MINT,11,5,11
2021-10-25T02:10:47Z,MINT,711,-333,982
2021-10-25T02:10:47Z,MINT,-895,-913,435
2021-10-25T02:10:47Z,MINT,420,69,143
2021-10-25T02:10:47Z,MINT,-987,-654,-321
2021-10-25T02:10:30Z,MINT,-315,314,-941
2021-10-25T02:10:30Z,MINT,13,37,420
2021-10-25T02:10:23Z,MINT,288,288,-288
2021-10-25T02:10:23Z,MINT,-484,-818,115
2021-10-25T02:10:23Z,MINT,-562,142,-714
2021-10-25T02:10:23Z,MINT,599,880,631
2021-10-25T02:10:23Z,MINT,-999,999,-999
2021-10-25T02:10:16Z,MINT,9,99,999
2021-10-25T02:10:16Z,MINT,956,805,51
2021-10-25T02:10:10Z,MINT,4,21,7
2021-10-25T02:10:10Z,MINT,69,888,420
2021-10-25T02:10:10Z,MINT,1,69,69
2021-10-25T02:10:10Z,MINT,343,343,343
2021-10-25T02:10:10Z,MINT,-907,962,-162
2021-10-25T02:10:10Z,MINT,14,-14,1
2021-10-25T02:10:10Z,MINT,994,-559,-326
2021-10-25T02:10:03Z,MINT,69,42,0
2021-10-25T02:10:03Z,MINT,3,6,5
2021-10-25T02:09:50Z,MINT,-4,-2,0
2021-10-25T02:09:50Z,MINT,-250,250,-250
2021-10-25T02:09:50Z,MINT,10,30,19
2021-10-25T02:09:50Z,MINT,951,572,751
2021-10-25T02:09:50Z,MINT,-103,119,-991
2021-10-25T02:09:50Z,MINT,6,7,8
2021-10-25T02:09:50Z,MINT,350,-345,-854
2021-10-25T02:09:50Z,MINT,2,3,4
2021-10-25T02:09:50Z,MINT,-584,-741,821
2021-10-25T02:09:50Z,MINT,133,-292,738
2021-10-25T02:09:37Z,MINT,1,3,5
2021-10-25T02:09:37Z,MINT,420,-420,69
2021-10-25T02:09:37Z,MINT,-975,720,370
2021-10-25T02:09:31Z,MINT,2,12,99
2021-10-25T02:09:31Z,MINT,997,997,997
2021-10-25T02:09:31Z,MINT,858,207,-77
2021-10-25T02:09:24Z,MINT,3,1,9
2021-10-25T02:09:24Z,MINT,7,2,99
2021-10-25T02:09:24Z,MINT,8,7,18
2021-10-25T02:09:24Z,MINT,7,77,999
2021-10-25T02:09:17Z,MINT,261,506,-774
2021-10-25T02:09:17Z,MINT,-70,781,-183
2021-10-25T02:09:17Z,MINT,917,917,917
2021-10-25T02:09:17Z,MINT,188,188,188
2021-10-25T02:09:17Z,MINT,428,570,-148
2021-10-25T02:09:17Z,MINT,6,9,420
2021-10-25T02:09:17Z,MINT,-100,0,-100
2021-10-25T02:09:17Z,MINT,841,-673,987
2021-10-25T02:09:17Z,MINT,800,813,555
2021-10-25T02:09:17Z,MINT,11,11,111
2021-10-25T02:09:17Z,MINT,-913,401,-789
2021-10-25T02:09:17Z,MINT,-321,-123,-321
2021-10-25T02:09:17Z,MINT,679,-887,790
2021-10-25T02:09:17Z,MINT,-680,-148,702
2021-10-25T02:09:17Z,MINT,-345,-381,-711
2021-10-25T02:09:17Z,MINT,2,0,0
2021-10-25T02:09:03Z,MINT,-221,472,-188
2021-10-25T02:08:56Z,MINT,760,-713,159
2021-10-25T02:08:56Z,MINT,0,4,2
2021-10-25T02:08:56Z,MINT,-390,-124,-581
2021-10-25T02:08:56Z,MINT,12,3,85
2021-10-25T02:08:56Z,MINT,-484,495,-271
2021-10-25T02:08:49Z,MINT,564,34,963
2021-10-25T02:08:49Z,MINT,14,3,98
2021-10-25T02:08:49Z,MINT,1,1,7
2021-10-25T02:08:41Z,MINT,21,21,21
2021-10-25T02:08:41Z,MINT,879,-86,700
2021-10-25T02:08:41Z,MINT,-677,695,399
2021-10-25T02:08:41Z,MINT,1,11,111
2021-10-25T02:08:41Z,MINT,595,243,-578
2021-10-25T02:08:41Z,MINT,-556,-670,623
2021-10-25T02:08:41Z,MINT,595,156,217
2021-10-25T02:08:41Z,MINT,33,8,24
2021-10-25T02:08:41Z,MINT,980,-232,969
2021-10-25T02:08:41Z,MINT,-1000,-1000,-1
2021-10-25T02:08:41Z,MINT,11,5,11
2021-10-25T02:08:41Z,MINT,33,333,33
2021-10-25T02:08:41Z,MINT,6,1,6
2021-10-25T02:08:41Z,MINT,100,-100,100
2021-10-25T02:08:14Z,MINT,-4,-2,0
2021-10-25T02:08:14Z,MINT,661,-399,879
2021-10-25T02:08:14Z,MINT,19,12,99
2021-10-25T02:08:14Z,MINT,288,288,288
2021-10-25T02:08:14Z,MINT,-802,393,279
2021-10-25T02:08:14Z,MINT,-70,-399,134
2021-10-25T02:08:14Z,MINT,-156,-444,161
2021-10-25T02:08:01Z,MINT,420,-69,-69
2021-10-25T02:08:01Z,MINT,-241,113,-7
2021-10-25T02:08:01Z,MINT,77,7,77
2021-10-25T02:08:01Z,MINT,-8,-8,-8
2021-10-25T02:08:01Z,MINT,-640,-218,786
2021-10-25T02:08:01Z,MINT,120,41,112
2021-10-25T02:08:01Z,MINT,-6,6,6
2021-10-25T02:08:01Z,MINT,79,402,557
2021-10-25T02:08:01Z,MINT,965,503,-582
2021-10-25T02:08:01Z,MINT,-10,-10,-10
2021-10-25T02:07:54Z,MINT,90,90,90
2021-10-25T02:07:54Z,MINT,3,33,333
2021-10-25T02:07:54Z,MINT,0,4,2
2021-10-25T02:07:54Z,MINT,172,451,968
2021-10-25T02:07:48Z,MINT,625,467,-113
2021-10-25T02:07:48Z,MINT,-615,75,303
2021-10-25T02:07:48Z,MINT,-2,-2,-222
2021-10-25T02:07:41Z,MINT,19,9,20
2021-10-25T02:07:41Z,MINT,523,-687,752
2021-10-25T02:07:41Z,MINT,-420,-69,-666
2021-10-25T02:07:41Z,MINT,6,-6,-6
2021-10-25T02:07:41Z,MINT,-77,77,-777
2021-10-25T02:07:41Z,MINT,-155,80,275
2021-10-25T02:07:41Z,MINT,-761,247,-646
2021-10-25T02:07:34Z,MINT,-715,286,346
2021-10-25T02:07:34Z,MINT,888,88,88
2021-10-25T02:07:34Z,MINT,111,5,88
2021-10-25T02:07:34Z,MINT,0,-69,0
2021-10-25T02:07:34Z,MINT,890,501,399
2021-10-25T02:07:34Z,MINT,186,230,982
2021-10-25T02:07:22Z,MINT,755,780,-735
2021-10-25T02:07:22Z,MINT,209,296,441
2021-10-25T02:07:22Z,MINT,-666,-666,666
2021-10-25T02:07:22Z,MINT,8,88,8
2021-10-25T02:07:16Z,MINT,4,18,1
2021-10-25T02:07:16Z,MINT,2,4,69
2021-10-25T02:07:16Z,MINT,955,-634,-354
2021-10-25T02:07:16Z,MINT,999,998,997
2021-10-25T02:07:16Z,MINT,598,633,525
2021-10-25T02:07:09Z,MINT,152,893,129
2021-10-25T02:07:09Z,MINT,0,777,-777
2021-10-25T02:07:09Z,MINT,-887,185,-269
2021-10-25T02:07:09Z,MINT,480,739,92
2021-10-25T02:07:09Z,MINT,209,-39,-780
2021-10-25T02:07:09Z,MINT,21,30,9
2021-10-25T02:07:09Z,MINT,100,0,1
2021-10-25T02:07:09Z,MINT,-994,-13,127
2021-10-25T02:07:09Z,MINT,-128,-128,-128
2021-10-25T02:07:09Z,MINT,617,935,-75
2021-10-25T02:07:03Z,MINT,69,42,420
2021-10-25T02:07:03Z,MINT,909,-414,-703
2021-10-25T02:07:03Z,MINT,-320,730,860
2021-10-25T02:07:03Z,MINT,14,10,1
2021-10-25T02:07:03Z,MINT,4,20,420
2021-10-25T02:06:56Z,MINT,959,656,565
2021-10-25T02:06:56Z,MINT,696,696,696
2021-10-25T02:06:56Z,MINT,0,1,-1
2021-10-25T02:06:56Z,MINT,423,443,-857
2021-10-25T02:06:56Z,MINT,-42,-42,-42
2021-10-25T02:06:56Z,MINT,999,-666,666
2021-10-25T02:06:56Z,MINT,504,259,-782
2021-10-25T02:06:50Z,MINT,6,9,6
2021-10-25T02:06:50Z,MINT,1,1,14
2021-10-25T02:06:50Z,MINT,420,69,134
2021-10-25T02:06:50Z,MINT,26,2,87
2021-10-25T02:06:50Z,MINT,810,368,-585
2021-10-25T02:06:50Z,MINT,269,-999,426
2021-10-25T02:06:50Z,MINT,1,69,0
2021-10-25T02:06:50Z,MINT,-270,430,869
2021-10-25T02:06:50Z,MINT,-855,186,277
2021-10-25T02:06:50Z,MINT,-316,318,-498
2021-10-25T02:06:50Z,MINT,-11,-11,-11
2021-10-25T02:06:50Z,MINT,28,-82,425
2021-10-25T02:06:50Z,MINT,1000,1000,0
2021-10-25T02:06:50Z,MINT,-625,-250,368
2021-10-25T02:06:50Z,MINT,997,998,999
2021-10-25T02:06:50Z,MINT,-777,777,777
2021-10-25T02:06:50Z,MINT,548,143,908
2021-10-25T02:06:50Z,MINT,919,-398,707
2021-10-25T02:06:30Z,MINT,12,3,85
2021-10-25T02:06:30Z,MINT,999,555,1
2021-10-25T02:06:30Z,MINT,-454,-220,555
2021-10-25T02:06:30Z,MINT,-179,-17,2
2021-10-25T02:06:30Z,MINT,9,-9,9
2021-10-25T02:06:30Z,MINT,-512,-464,742
2021-10-25T02:06:30Z,MINT,888,888,8
2021-10-25T02:06:24Z,MINT,111,-758,-792
2021-10-25T02:06:24Z,MINT,654,-903,518
2021-10-25T02:06:24Z,MINT,916,569,-985
2021-10-25T02:06:24Z,MINT,88,-88,88
2021-10-25T02:06:24Z,MINT,747,589,475
2021-10-25T02:06:24Z,MINT,8,3,20
2021-10-25T02:06:24Z,MINT,-52,-588,-492
2021-10-25T02:06:24Z,MINT,593,840,-797
2021-10-25T02:06:24Z,MINT,653,313,-773
2021-10-25T02:06:24Z,MINT,313,225,423
2021-10-25T02:06:24Z,MINT,7,2,17
2021-10-25T02:06:24Z,MINT,-342,-816,551
2021-10-25T02:06:10Z,MINT,873,-845,758
2021-10-25T02:06:10Z,MINT,-587,-88,-542
2021-10-25T02:06:10Z,MINT,1,6,91
2021-10-25T02:06:10Z,MINT,500,-500,500
2021-10-25T02:06:10Z,MINT,822,-252,-400
2021-10-25T02:06:03Z,MINT,1000,1,1000
2021-10-25T02:06:03Z,MINT,-997,-851,839
2021-10-25T02:06:03Z,MINT,-415,-36,-784
2021-10-25T02:06:03Z,MINT,5,0,0
2021-10-25T02:06:03Z,MINT,1000,1000,69
2021-10-25T02:06:03Z,MINT,-658,-581,-555
2021-10-25T02:06:03Z,MINT,-286,-975,-479
2021-10-25T02:06:03Z,MINT,14,15,10
2021-10-25T02:06:03Z,MINT,-5,771,-25
2021-10-25T02:06:03Z,MINT,-111,222,-333
2021-10-25T02:06:03Z,MINT,-757,13,-330
2021-10-25T02:05:55Z,MINT,12,3,85
2021-10-25T02:05:55Z,MINT,547,283,-711
2021-10-25T02:05:55Z,MINT,666,69,666
2021-10-25T02:05:55Z,MINT,51,801,639
2021-10-25T02:05:55Z,MINT,1000,0,-1000
2021-10-25T02:05:55Z,MINT,59,69,79
2021-10-25T02:05:55Z,MINT,632,-952,902
2021-10-25T02:05:55Z,MINT,420,420,777
2021-10-25T02:05:49Z,MINT,424,-87,459
2021-10-25T02:05:49Z,MINT,666,999,666
2021-10-25T02:05:49Z,MINT,-420,69,69
2021-10-25T02:05:49Z,MINT,-336,165,77
2021-10-25T02:05:42Z,MINT,-288,-174,-765
2021-10-25T02:05:42Z,MINT,7,-7,7
2021-10-25T02:05:42Z,MINT,0,0,420
2021-10-25T02:05:42Z,MINT,0,0,8
2021-10-25T02:05:42Z,MINT,22,222,22
2021-10-25T02:05:42Z,MINT,29,12,84
2021-10-25T02:05:42Z,MINT,111,333,777
2021-10-25T02:05:42Z,MINT,-777,777,-777
2021-10-25T02:05:42Z,MINT,-367,-717,-269
2021-10-25T02:05:36Z,MINT,-246,917,149
2021-10-25T02:05:36Z,MINT,128,128,128
2021-10-25T02:05:36Z,MINT,502,604,-908
2021-10-25T02:05:36Z,MINT,-705,-89,489
2021-10-25T02:05:36Z,MINT,2,2,222
2021-10-25T02:05:36Z,MINT,2,0,0
2021-10-25T02:05:36Z,MINT,-999,999,999
2021-10-25T02:05:36Z,MINT,69,200,1
2021-10-25T02:05:36Z,MINT,0,69,0
2021-10-25T02:05:36Z,MINT,-2,-2,-2
2021-10-25T02:05:36Z,MINT,-1000,0,0
2021-10-25T02:05:36Z,MINT,6,11,91
2021-10-25T02:05:36Z,MINT,38,44,55
2021-10-25T02:05:36Z,MINT,1000,420,1000
2021-10-25T02:05:36Z,MINT,-734,-766,-790
2021-10-25T02:05:36Z,MINT,31,12,92
2021-10-25T02:05:36Z,MINT,555,599,496
2021-10-25T02:05:36Z,MINT,560,924,-744
2021-10-25T02:05:36Z,MINT,-845,432,341
2021-10-25T02:05:36Z,MINT,656,565,969
2021-10-25T02:05:36Z,MINT,-777,777,-777
2021-10-25T02:05:36Z,MINT,11,22,33
2021-10-25T02:05:36Z,MINT,19,19,19
2021-10-25T02:05:36Z,MINT,984,861,-873
2021-10-25T02:05:36Z,MINT,967,-920,-266
2021-10-25T02:05:36Z,MINT,0,4,0
2021-10-25T02:05:36Z,MINT,4,444,44
2021-10-25T02:05:36Z,MINT,747,352,487
2021-10-25T02:05:36Z,MINT,890,60,40
2021-10-25T02:05:36Z,MINT,11,22,33
2021-10-25T02:05:36Z,MINT,7,-777,77
2021-10-25T02:05:36Z,MINT,-714,513,187
2021-10-25T02:05:36Z,MINT,-10,-9,-1
2021-10-25T02:05:36Z,MINT,41,33,2
2021-10-25T02:05:36Z,MINT,768,-329,533
2021-10-25T02:05:36Z,MINT,0,6,-9
2021-10-25T02:05:36Z,MINT,0,777,-777
2021-10-25T02:05:36Z,MINT,88,8,888
2021-10-25T02:05:36Z,MINT,-123,-850,401
2021-10-25T02:05:36Z,MINT,50,100,1000
2021-10-25T02:05:36Z,MINT,359,-951,-684
2021-10-25T02:05:36Z,MINT,-111,-222,-333
2021-10-25T02:05:36Z,MINT,82,82,82
2021-10-25T02:05:36Z,MINT,69,69,96
2021-10-25T02:05:36Z,MINT,314,314,314
2021-10-25T02:05:36Z,MINT,168,168,168
2021-10-25T02:04:54Z,MINT,816,283,595
2021-10-25T02:04:54Z,MINT,19,7,80
2021-10-25T02:04:54Z,MINT,722,512,420
2021-10-25T02:04:54Z,MINT,888,888,-888
2021-10-25T02:04:54Z,MINT,-100,0,100
2021-10-25T02:04:54Z,MINT,-882,40,-89
2021-10-25T02:04:54Z,MINT,8,88,88
2021-10-25T02:04:54Z,MINT,-4,2,0
2021-10-25T02:04:54Z,MINT,585,-137,345
2021-10-25T02:04:54Z,MINT,-6,-66,-666
2021-10-25T02:04:54Z,MINT,-69,420,-69
2021-10-25T02:04:54Z,MINT,647,183,-649
2021-10-25T02:04:54Z,MINT,-207,119,555
2021-10-25T02:04:54Z,MINT,-1000,-1000,1000
2021-10-25T02:04:54Z,MINT,-777,924,914
2021-10-25T02:04:54Z,MINT,600,237,-926
2021-10-25T02:04:54Z,MINT,600,350,200
2021-10-25T02:04:54Z,MINT,0,3,0
2021-10-25T02:04:54Z,MINT,352,369,-852
2021-10-25T02:04:54Z,MINT,-14,7,-44
2021-10-25T02:04:54Z,MINT,-420,69,420
2021-10-25T02:04:54Z,MINT,420,-69,420
2021-10-25T02:04:54Z,MINT,85,235,84
2021-10-25T02:04:54Z,MINT,3,19,21
2021-10-25T02:04:54Z,MINT,877,937,875
2021-10-25T02:04:54Z,MINT,-333,-333,-333
2021-10-25T02:04:54Z,MINT,69,420,1
2021-10-25T02:04:54Z,MINT,1,0,-1
2021-10-25T02:04:54Z,MINT,867,-5,309
2021-10-25T02:04:54Z,MINT,69,7,0
2021-10-25T02:04:54Z,MINT,2,22,222
2021-10-25T02:04:54Z,MINT,48,-228,275
2021-10-25T02:04:54Z,MINT,8,2,0
2021-10-25T02:04:54Z,MINT,69,420,666
2021-10-25T02:04:34Z,MINT,69,68,69
2021-10-25T02:04:34Z,MINT,-666,666,-666
2021-10-25T02:04:34Z,MINT,-206,6,887
2021-10-25T02:04:34Z,MINT,-461,-45,-742
2021-10-25T02:04:34Z,MINT,20,9,65
2021-10-25T02:04:34Z,MINT,11,30,91
2021-10-25T02:04:34Z,MINT,11,21,20
2021-10-25T02:04:34Z,MINT,-4,-21,0
2021-10-25T02:04:34Z,MINT,-451,28,647
2021-10-25T02:04:27Z,MINT,615,-1,189
2021-10-25T02:04:27Z,MINT,500,500,1000
2021-10-25T02:04:27Z,MINT,-1,0,-1
2021-10-25T02:04:27Z,MINT,28,-82,425
2021-10-25T02:04:27Z,MINT,10,2,21
2021-10-25T02:04:27Z,MINT,-66,-66,-66
2021-10-25T02:04:27Z,MINT,-918,-27,-432
2021-10-25T02:04:27Z,MINT,313,804,-208
2021-10-25T02:04:27Z,MINT,436,55,744
2021-10-25T02:04:27Z,MINT,-151,-829,-20
2021-10-25T02:04:27Z,MINT,144,233,377
2021-10-25T02:04:27Z,MINT,831,326,-628
2021-10-25T02:04:27Z,MINT,-557,979,377
2021-10-25T02:04:27Z,MINT,100,200,400
2021-10-25T02:04:27Z,MINT,1000,-1000,-1000
2021-10-25T02:04:27Z,MINT,777,777,-777
2021-10-25T02:04:27Z,MINT,40,40,40
2021-10-25T02:04:27Z,MINT,-7,-77,-777
2021-10-25T02:04:27Z,MINT,305,406,303
2021-10-25T02:04:27Z,MINT,5,55,555
2021-10-25T02:04:27Z,MINT,420,0,420
2021-10-25T02:04:27Z,MINT,-737,760,-816
2021-10-25T02:04:27Z,MINT,100,200,300
2021-10-25T02:04:27Z,MINT,-500,-500,-500
2021-10-25T02:04:12Z,MINT,975,-601,-649
2021-10-25T02:04:12Z,MINT,1000,1000,420
2021-10-25T02:04:12Z,MINT,3,6,9
2021-10-25T02:04:12Z,MINT,-69,-4,-20
2021-10-25T02:04:12Z,MINT,86,21,7
2021-10-25T02:04:12Z,MINT,-684,822,473
2021-10-25T02:04:12Z,MINT,999,111,999
2021-10-25T02:04:12Z,MINT,-226,-495,-925
2021-10-25T02:04:12Z,MINT,-69,-420,69
2021-10-25T02:04:12Z,MINT,5,12,1000
2021-10-25T02:04:12Z,MINT,715,628,377
2021-10-25T02:04:05Z,MINT,437,-209,-451
2021-10-25T02:04:05Z,MINT,-571,-736,-567
2021-10-25T02:04:05Z,MINT,101,201,501
2021-10-25T02:04:05Z,MINT,-352,178,109
2021-10-25T02:04:05Z,MINT,888,-888,-888
2021-10-25T02:04:05Z,MINT,9,625,121
2021-10-25T02:04:05Z,MINT,-451,-754,-581
2021-10-25T02:04:05Z,MINT,0,-6,9
2021-10-25T02:04:05Z,MINT,-117,931,-592
2021-10-25T02:03:58Z,MINT,69,7,1
2021-10-25T02:03:58Z,MINT,-447,990,-539
2021-10-25T02:03:58Z,MINT,605,901,809
2021-10-25T02:03:58Z,MINT,777,-777,-777
2021-10-25T02:03:58Z,MINT,8,8,1
2021-10-25T02:03:58Z,MINT,12,3,85
2021-10-25T02:03:58Z,MINT,338,-352,-284
2021-10-25T02:03:58Z,MINT,0,1,2
2021-10-25T02:03:58Z,MINT,0,1000,0
2021-10-25T02:03:58Z,MINT,2,-2,1
2021-10-25T02:03:58Z,MINT,30,7,95
2021-10-25T02:03:58Z,MINT,8,3,20
2021-10-25T02:03:58Z,MINT,-31,942,897
2021-10-25T02:03:58Z,MINT,115,-58,107
2021-10-25T02:03:58Z,MINT,-358,-620,-412
2021-10-25T02:03:58Z,MINT,1,0,1
2021-10-25T02:03:58Z,MINT,26,10,87
2021-10-25T02:03:58Z,MINT,2,25,92
2021-10-25T02:03:44Z,MINT,17,10,17
2021-10-25T02:03:44Z,MINT,33,33,33
2021-10-25T02:03:44Z,MINT,-823,-378,284
2021-10-25T02:03:44Z,MINT,408,-208,880
2021-10-25T02:03:44Z,MINT,111,222,333
2021-10-25T02:03:44Z,MINT,188,412,835
2021-10-25T02:03:44Z,MINT,555,666,777
2021-10-25T02:03:44Z,MINT,-911,989,28
2021-10-25T02:03:44Z,MINT,671,-371,-971
2021-10-25T02:03:44Z,MINT,-439,-500,-385
2021-10-25T02:03:44Z,MINT,444,150,250
2021-10-25T02:03:44Z,MINT,1,11,14
2021-10-25T02:03:37Z,MINT,-1,-2,-3
2021-10-25T02:03:37Z,MINT,-420,420,69
2021-10-25T02:03:37Z,MINT,16,7,2
2021-10-25T02:03:37Z,MINT,-232,126,-236
2021-10-25T02:03:37Z,MINT,110,-495,-945
2021-10-25T02:03:37Z,MINT,-9,-9,-9
2021-10-25T02:03:37Z,MINT,-1000,0,1000
2021-10-25T02:03:37Z,MINT,73,12,124
2021-10-25T02:03:37Z,MINT,-5,-5,-5
2021-10-25T02:03:37Z,MINT,84,11,7
2021-10-25T02:03:37Z,MINT,-746,272,478
2021-10-25T02:03:37Z,MINT,-629,815,883
2021-10-25T02:03:37Z,MINT,721,721,721
2021-10-25T02:03:37Z,MINT,1,12,11
2021-10-25T02:03:37Z,MINT,123,-123,123
2021-10-25T02:03:37Z,MINT,420,420,1
2021-10-25T02:03:37Z,MINT,2,4,8
2021-10-25T02:03:37Z,MINT,4,4,4
2021-10-25T02:03:37Z,MINT,690,69,420
2021-10-25T02:03:37Z,MINT,14,8,27
2021-10-25T02:03:37Z,MINT,69,420,474
2021-10-25T02:03:37Z,MINT,-13,-13,-69
2021-10-25T02:03:37Z,MINT,31,12,93
2021-10-25T02:03:37Z,MINT,256,256,256
2021-10-25T02:03:37Z,MINT,500,100,1000
2021-10-25T02:03:23Z,MINT,222,111,333
2021-10-25T02:03:23Z,MINT,-463,520,774
2021-10-25T02:03:23Z,MINT,376,493,-259
2021-10-25T02:03:23Z,MINT,427,241,43
2021-10-25T02:03:23Z,MINT,666,-666,666
2021-10-25T02:03:23Z,MINT,21,2,20
2021-10-25T02:03:23Z,MINT,-919,988,57
2021-10-25T02:03:23Z,MINT,-42,0,-69
2021-10-25T02:03:23Z,MINT,-503,-321,-430
2021-10-25T02:03:23Z,MINT,1000,0,0
2021-10-25T02:03:23Z,MINT,-77,7,777
2021-10-25T02:03:23Z,MINT,-420,-69,-13
2021-10-25T02:03:16Z,MINT,1,-1,1
2021-10-25T02:03:16Z,MINT,7,77,779
2021-10-25T02:03:16Z,MINT,42,-42,42
2021-10-25T02:03:16Z,MINT,420,-420,420
2021-10-25T02:03:16Z,MINT,-1,0,1
2021-10-25T02:03:16Z,MINT,69,690,69
2021-10-25T02:03:16Z,MINT,246,-660,-804
2021-10-25T02:03:16Z,MINT,1,1,3
2021-10-25T02:03:16Z,MINT,69,-420,-69
2021-10-25T02:03:16Z,MINT,-517,-640,557
2021-10-25T02:03:16Z,MINT,-1,-2,-3
2021-10-25T02:03:16Z,MINT,300,508,884
2021-10-25T02:03:16Z,MINT,268,268,268
2021-10-25T02:03:16Z,MINT,78,78,78
2021-10-25T02:03:16Z,MINT,7,7,-7
2021-10-25T02:03:16Z,MINT,682,691,822
2021-10-25T02:03:16Z,MINT,2,5,16
2021-10-25T02:03:16Z,MINT,30,11,87
2021-10-25T02:03:16Z,MINT,619,619,619
2021-10-25T02:03:16Z,MINT,2,10,19
2021-10-25T02:03:16Z,MINT,-760,-857,-92
2021-10-25T02:03:16Z,MINT,132,-885,-307
2021-10-25T02:03:16Z,MINT,8,88,888
2021-10-25T02:03:16Z,MINT,-991,-103,103
2021-10-25T02:03:16Z,MINT,255,255,255
2021-10-25T02:03:16Z,MINT,-1000,1000,-1000
2021-10-25T02:03:16Z,MINT,666,-666,666
2021-10-25T02:03:16Z,MINT,10,9,1
2021-10-25T02:03:03Z,MINT,69,420,314
2021-10-25T02:03:03Z,MINT,-35,370,786
2021-10-25T02:03:03Z,MINT,3,5,9
2021-10-25T02:03:03Z,MINT,-7,-17,-317
2021-10-25T02:03:03Z,MINT,69,69,999
2021-10-25T02:03:03Z,MINT,-423,-62,152
2021-10-25T02:03:03Z,MINT,540,22,410
2021-10-25T02:03:03Z,MINT,19,8,27
2021-10-25T02:03:03Z,MINT,27,73,23
2021-10-25T02:03:03Z,MINT,309,832,-911
2021-10-25T02:03:03Z,MINT,10,10,1000
2021-10-25T02:03:03Z,MINT,0,0,1
2021-10-25T02:03:03Z,MINT,1,2,345
2021-10-25T02:03:03Z,MINT,0,0,1
2021-10-25T02:03:03Z,MINT,701,-501,-635
2021-10-25T02:03:03Z,MINT,1,-1,-1
2021-10-25T02:03:03Z,MINT,643,329,-732
2021-10-25T02:03:03Z,MINT,169,-169,169
2021-10-25T02:03:03Z,MINT,-1,0,0
2021-10-25T02:03:03Z,MINT,101,202,303
2021-10-25T02:03:03Z,MINT,123,345,678
2021-10-25T02:03:03Z,MINT,65,43,21
2021-10-25T02:03:03Z,MINT,103,472,148
2021-10-25T02:03:03Z,MINT,55,77,11
2021-10-25T02:03:03Z,MINT,689,-461,-228
2021-10-25T02:03:03Z,MINT,-3,0,-3
2021-10-25T02:03:03Z,MINT,420,0,69
2021-10-25T02:03:03Z,MINT,-855,493,32
2021-10-25T02:03:03Z,MINT,173,324,181
2021-10-25T02:03:03Z,MINT,-687,120,-98
2021-10-25T02:03:03Z,MINT,59,649,185
2021-10-25T02:02:49Z,MINT,-888,88,-8
2021-10-25T02:02:49Z,MINT,420,69,-369
2021-10-25T02:02:49Z,MINT,444,-404,991
2021-10-25T02:02:49Z,MINT,9,1,1
2021-10-25T02:02:49Z,MINT,7,77,778
2021-10-25T02:02:49Z,MINT,-525,-164,-300
2021-10-25T02:02:49Z,MINT,535,-258,195
2021-10-25T02:02:49Z,MINT,-206,853,-383
2021-10-25T02:02:49Z,MINT,-88,-88,-88
2021-10-25T02:02:49Z,MINT,1000,-1000,555
2021-10-25T02:02:49Z,MINT,537,122,-207
2021-10-25T02:02:49Z,MINT,61,-21,139
2021-10-25T02:02:49Z,MINT,444,777,333
2021-10-25T02:02:49Z,MINT,-999,-999,-999
2021-10-25T02:02:49Z,MINT,8,-8,8
2021-10-25T02:02:49Z,MINT,512,512,512
2021-10-25T02:02:49Z,MINT,458,-557,-990
2021-10-25T02:02:49Z,MINT,-859,527,628
2021-10-25T02:02:49Z,MINT,-7,7,7
2021-10-25T02:02:49Z,MINT,-392,-790,878
2021-10-25T02:02:49Z,MINT,250,51,984
2021-10-25T02:02:49Z,MINT,-123,-456,-789
2021-10-25T02:02:49Z,MINT,-228,-352,-117
2021-10-25T02:02:49Z,MINT,0,0,1000
2021-10-25T02:02:49Z,MINT,1000,1000,-1000
2021-10-25T02:02:49Z,MINT,10,20,30
2021-10-25T02:02:49Z,MINT,1,12,94
2021-10-25T02:02:36Z,MINT,3,1,0
2021-10-25T02:02:36Z,MINT,69,888,888
2021-10-25T02:02:36Z,MINT,1,0,8
2021-10-25T02:02:36Z,MINT,276,-788,-902
2021-10-25T02:02:36Z,MINT,69,-420,420
2021-10-25T02:02:36Z,MINT,0,1,9
2021-10-25T02:02:36Z,MINT,-666,-666,-666
2021-10-25T02:02:36Z,MINT,-1000,1000,1000
2021-10-25T02:02:36Z,MINT,69,-69,69
2021-10-25T02:02:36Z,MINT,888,268,828
2021-10-25T02:02:36Z,MINT,69,-69,69
2021-10-25T02:02:36Z,MINT,323,-230,18
2021-10-25T02:02:36Z,MINT,416,905,437
2021-10-25T02:02:36Z,MINT,-461,-386,-12
2021-10-25T02:02:36Z,MINT,123,-456,789
2021-10-25T02:02:36Z,MINT,66,66,66
2021-10-25T02:02:36Z,MINT,38,60,47
2021-10-25T02:02:36Z,MINT,6,12,95
2021-10-25T02:02:36Z,MINT,777,888,999
2021-10-25T02:02:36Z,MINT,280,-641,-104
2021-10-25T02:02:36Z,MINT,24,24,24
2021-10-25T02:02:36Z,MINT,420,690,69
2021-10-25T02:02:36Z,MINT,0,69,420
2021-10-25T02:02:36Z,MINT,-8,-88,-888
2021-10-25T02:02:36Z,MINT,-1,1,-1
2021-10-25T02:02:36Z,MINT,-684,-524,-772
2021-10-25T02:02:36Z,MINT,-953,-796,-28
2021-10-25T02:02:36Z,MINT,22,6,17
2021-10-25T02:02:36Z,MINT,696,969,696
2021-10-25T02:02:36Z,MINT,751,-714,-636
2021-10-25T02:02:36Z,MINT,193,192,497
2021-10-25T02:02:36Z,MINT,1000,-1000,1000
2021-10-25T02:02:36Z,MINT,222,222,222
2021-10-25T02:02:36Z,MINT,28,1,18
2021-10-25T02:02:36Z,MINT,420,1,8
2021-10-25T02:02:36Z,MINT,26,8,82
2021-10-25T02:02:36Z,MINT,69,69,-69
2021-10-25T02:02:36Z,MINT,11,4,96
2021-10-25T02:02:36Z,MINT,-7,17,-777
2021-10-25T02:02:36Z,MINT,-420,-420,-69
2021-10-25T02:02:36Z,MINT,-455,728,721
2021-10-25T02:02:22Z,MINT,4,7,8
2021-10-25T02:02:22Z,MINT,-423,223,-159
2021-10-25T02:02:22Z,MINT,-6,-22,-55
2021-10-25T02:02:22Z,MINT,-690,420,-690
2021-10-25T02:02:22Z,MINT,444,444,444
2021-10-25T02:02:22Z,MINT,171,-936,-986
2021-10-25T02:02:22Z,MINT,31,6,555
2021-10-25T02:02:22Z,MINT,-1,1,-1
2021-10-25T02:02:22Z,MINT,18,18,18
2021-10-25T02:02:22Z,MINT,-420,-69,-420
2021-10-25T02:02:22Z,MINT,666,666,667
2021-10-25T02:02:22Z,MINT,-153,989,-838
2021-10-25T02:02:22Z,MINT,352,369,-852
2021-10-25T02:02:22Z,MINT,-1,1,1
2021-10-25T02:02:22Z,MINT,1,0,0
2021-10-25T02:02:22Z,MINT,777,-777,777
2021-10-25T02:02:22Z,MINT,-530,497,-658
2021-10-25T02:02:22Z,MINT,368,409,-505
2021-10-25T02:02:22Z,MINT,480,-40,869
2021-10-25T02:02:22Z,MINT,-342,647,-322
2021-10-25T02:02:22Z,MINT,12,5,81
2021-10-25T02:02:22Z,MINT,369,-652,-1
2021-10-25T02:02:22Z,MINT,-124,587,814
2021-10-25T02:02:22Z,MINT,1,2,6
2021-10-25T02:02:22Z,MINT,888,88,8
2021-10-25T02:02:22Z,MINT,561,25,236
2021-10-25T02:02:22Z,MINT,0,0,9
2021-10-25T02:02:22Z,MINT,6,9,90
2021-10-25T02:02:22Z,MINT,-7,-7,-7
2021-10-25T02:02:09Z,MINT,-862,979,172
2021-10-25T02:02:09Z,MINT,-904,-1,-838
2021-10-25T02:02:09Z,MINT,177,822,678
2021-10-25T02:02:09Z,MINT,69,0,420
2021-10-25T02:02:09Z,MINT,42,0,69
2021-10-25T02:02:09Z,MINT,-513,752,-239
2021-10-25T02:02:09Z,MINT,888,888,0
2021-10-25T02:02:09Z,MINT,-854,205,111
2021-10-25T02:02:09Z,MINT,-14,-11,14
2021-10-25T02:02:09Z,MINT,-888,888,-888
2021-10-25T02:02:09Z,MINT,570,232,451
2021-10-25T02:02:09Z,MINT,888,88,888
2021-10-25T02:02:09Z,MINT,-361,-268,-594
2021-10-25T02:02:03Z,MINT,-19,80,15
2021-10-25T02:02:03Z,MINT,952,898,-589
2021-10-25T02:02:03Z,MINT,539,462,747
2021-10-25T02:02:03Z,MINT,8,3,69
2021-10-25T02:02:03Z,MINT,12,24,36
2021-10-25T02:02:03Z,MINT,24,8,69
2021-10-25T02:02:03Z,MINT,420,420,-420
2021-10-25T02:02:03Z,MINT,9,12,18
2021-10-25T02:02:03Z,MINT,774,58,49
2021-10-25T02:02:03Z,MINT,215,-620,-186
2021-10-25T02:02:03Z,MINT,18,28,22
2021-10-25T02:02:03Z,MINT,81,30,11
2021-10-25T02:02:03Z,MINT,444,222,444
2021-10-25T02:02:03Z,MINT,9,5,6
2021-10-25T02:02:03Z,MINT,9,1,221
2021-10-25T02:02:03Z,MINT,69,-69,-69
2021-10-25T02:01:56Z,MINT,1,1,-1
2021-10-25T02:01:56Z,MINT,8,13,84
2021-10-25T02:01:56Z,MINT,785,-871,-406
2021-10-25T02:01:56Z,MINT,6,66,666
2021-10-25T02:01:56Z,MINT,7,77,777
2021-10-25T02:01:56Z,MINT,1,33,7
2021-10-25T02:01:56Z,MINT,3,-3,3
2021-10-25T02:01:56Z,MINT,14,4,1
2021-10-25T02:01:56Z,MINT,323,-407,-51
2021-10-25T02:01:56Z,MINT,999,1,999
2021-10-25T02:01:56Z,MINT,-420,-420,420
2021-10-25T02:01:56Z,MINT,88,88,888
2021-10-25T02:01:56Z,MINT,-130,660,-188
2021-10-25T02:01:56Z,MINT,24,12,24
2021-10-25T02:01:56Z,MINT,77,-77,77
2021-10-25T02:01:56Z,MINT,-523,389,-635
2021-10-25T02:01:56Z,MINT,21,2,86
2021-10-25T02:01:56Z,MINT,20,7,969
2021-10-25T02:01:56Z,MINT,49,49,49
2021-10-25T02:01:56Z,MINT,-124,98,-499
2021-10-25T02:01:56Z,MINT,291,84,-493
2021-10-25T02:01:56Z,MINT,251,929,30
2021-10-25T02:01:56Z,MINT,4,28,90
2021-10-25T02:01:56Z,MINT,0,-6,-9
2021-10-25T02:01:56Z,MINT,2,9,79
2021-10-25T02:01:56Z,MINT,1,1,0
2021-10-25T02:01:56Z,MINT,-1,-1,1
2021-10-25T02:01:56Z,MINT,999,999,999
2021-10-25T02:01:56Z,MINT,222,333,111
2021-10-25T02:01:56Z,MINT,307,248,115
2021-10-25T02:01:56Z,MINT,50,50,50
2021-10-25T02:01:56Z,MINT,333,333,333
2021-10-25T02:01:56Z,MINT,-99,-99,-99
2021-10-25T02:01:56Z,MINT,20,21,19
2021-10-25T02:01:56Z,MINT,-865,-278,-571
2021-10-25T02:01:56Z,MINT,10,11,12
2021-10-25T02:01:56Z,MINT,-457,505,553
2021-10-25T02:01:56Z,MINT,-69,69,69
2021-10-25T02:01:56Z,MINT,-7,17,777
2021-10-25T02:01:56Z,MINT,-689,-560,42
2021-10-25T02:01:56Z,MINT,22,22,22
2021-10-25T02:01:56Z,MINT,0,0,2
2021-10-25T02:01:56Z,MINT,792,837,-499
2021-10-25T02:01:56Z,MINT,88,88,888
2021-10-25T02:01:56Z,MINT,44,614,769
2021-10-25T02:01:56Z,MINT,199,-178,607
2021-10-25T02:01:56Z,MINT,-414,350,500
2021-10-25T02:01:56Z,MINT,-10,-28,-57
2021-10-25T02:01:56Z,MINT,789,-676,-223
2021-10-25T02:01:56Z,MINT,-3,-3,-3
2021-10-25T02:01:56Z,MINT,400,400,400
2021-10-25T02:01:56Z,MINT,14,14,14
2021-10-25T02:01:56Z,MINT,-733,675,-344
2021-10-25T02:01:56Z,MINT,-243,145,-760
2021-10-25T02:01:56Z,MINT,334,266,874
2021-10-25T02:01:56Z,MINT,69,420,0
2021-10-25T02:01:56Z,MINT,25,25,25
2021-10-25T02:01:56Z,MINT,64,64,64
2021-10-25T02:01:56Z,MINT,19,12,94
2021-10-25T02:01:56Z,MINT,88,888,-88
2021-10-25T02:01:56Z,MINT,-5,1,5
2021-10-25T02:01:56Z,MINT,-13,-13,-13
2021-10-25T02:01:56Z,MINT,-420,-69,-69
2021-10-25T02:01:56Z,MINT,-831,-434,815
2021-10-25T02:01:56Z,MINT,21,9,96
2021-10-25T02:01:56Z,MINT,-111,-111,-111
2021-10-25T02:01:30Z,MINT,117,117,117
2021-10-25T02:01:30Z,MINT,111,223,122
2021-10-25T02:01:30Z,MINT,395,-275,-94
2021-10-25T02:01:30Z,MINT,-214,-484,-276
2021-10-25T02:01:30Z,MINT,239,-969,643
2021-10-25T02:01:30Z,MINT,-7,7,-7
2021-10-25T02:01:30Z,MINT,160,61,980
2021-10-25T02:01:30Z,MINT,-798,-627,-105
2021-10-25T02:01:30Z,MINT,-574,-661,-707
2021-10-25T02:01:30Z,MINT,-1000,-1000,-1000
2021-10-25T02:01:30Z,MINT,987,654,321
2021-10-25T02:01:30Z,MINT,888,888,88
2021-10-25T02:01:30Z,MINT,0,0,69
2021-10-25T02:01:30Z,MINT,420,666,69
2021-10-25T02:01:30Z,MINT,999,999,999
2021-10-25T02:01:30Z,MINT,8,8,88
2021-10-25T02:01:30Z,MINT,-995,-550,-570
2021-10-25T02:01:30Z,MINT,44,-91,254
2021-10-25T02:01:30Z,MINT,-777,-777,-777
2021-10-25T02:01:30Z,MINT,7,3,3
2021-10-25T02:01:30Z,MINT,133,264,6
2021-10-25T02:01:30Z,MINT,69,200,0
2021-10-25T02:01:30Z,MINT,20,-870,832
2021-10-25T02:01:30Z,MINT,69,420,420
2021-10-25T02:01:30Z,MINT,4,913,80
2021-10-25T02:01:30Z,MINT,-193,-539,982
2021-10-25T02:01:30Z,MINT,1,6,8
2021-10-25T02:01:30Z,MINT,112,112,112
2021-10-25T02:01:30Z,MINT,-27,50,777
2021-10-25T02:01:30Z,MINT,-999,745,-995
2021-10-25T02:01:30Z,MINT,27,7,43
2021-10-25T02:01:30Z,MINT,652,909,256
2021-10-25T02:01:30Z,MINT,69,420,0
2021-10-25T02:01:30Z,MINT,23,59,59
2021-10-25T02:01:30Z,MINT,13,6,969
2021-10-25T02:01:30Z,MINT,555,555,555
2021-10-25T02:01:30Z,MINT,-443,164,-401
2021-10-25T02:01:30Z,MINT,102,102,102
2021-10-25T02:01:30Z,MINT,475,-771,-505
2021-10-25T02:01:30Z,MINT,-375,-666,821
2021-10-25T02:01:30Z,MINT,154,-735,183
2021-10-25T02:01:30Z,MINT,664,250,579
2021-10-25T02:01:30Z,MINT,-51,187,635
2021-10-25T02:01:30Z,MINT,-66,80,-317
2021-10-25T02:01:30Z,MINT,-420,-420,-420
2021-10-25T02:01:30Z,MINT,150,150,150
2021-10-25T02:01:30Z,MINT,209,-939,-861
2021-10-25T02:01:30Z,MINT,139,39,-292
2021-10-25T02:01:30Z,MINT,4,25,81
2021-10-25T02:01:30Z,MINT,777,444,747
2021-10-25T02:01:16Z,MINT,546,-637,-97
2021-10-25T02:01:16Z,MINT,1,3,-9
2021-10-25T02:01:16Z,MINT,6,-6,6
2021-10-25T02:01:16Z,MINT,-854,307,-681
2021-10-25T02:01:16Z,MINT,11,23,58
2021-10-25T02:01:16Z,MINT,7,7,777
2021-10-25T02:01:16Z,MINT,-913,-183,-663
2021-10-25T02:01:16Z,MINT,-17,-17,-17
2021-10-25T02:01:16Z,MINT,36,15,21
2021-10-25T02:01:16Z,MINT,23,21,2
2021-10-25T02:01:16Z,MINT,-628,-429,429
2021-10-25T02:01:16Z,MINT,3,2,1
2021-10-25T02:01:16Z,MINT,308,-8,-831
2021-10-25T02:01:16Z,MINT,16,16,16
2021-10-25T02:01:16Z,MINT,23,4,19
2021-10-25T02:01:16Z,MINT,-354,341,-959
2021-10-25T02:01:16Z,MINT,19,20,21
2021-10-25T02:01:16Z,MINT,4,7,0
2021-10-25T02:01:16Z,MINT,99,99,99
2021-10-25T02:01:16Z,MINT,888,-888,888
2021-10-25T02:01:16Z,MINT,777,777,776
2021-10-25T02:01:09Z,MINT,8,3,1000
2021-10-25T02:01:09Z,MINT,0,1,0
2021-10-25T02:01:09Z,MINT,-888,888,888
2021-10-25T02:01:09Z,MINT,-77,-77,-77
2021-10-25T02:01:09Z,MINT,10,100,1000
2021-10-25T02:01:09Z,MINT,678,678,678
2021-10-25T02:01:09Z,MINT,468,54,3
2021-10-25T02:01:09Z,MINT,174,979,453
2021-10-25T02:01:09Z,MINT,314,159,265
2021-10-25T02:01:09Z,MINT,420,69,666
2021-10-25T02:01:09Z,MINT,7,8,9
2021-10-25T02:01:09Z,MINT,1000,1000,1000
2021-10-25T02:01:09Z,MINT,500,500,500
2021-10-25T02:01:09Z,MINT,211,931,-948
2021-10-25T02:01:09Z,MINT,589,114,715
2021-10-25T02:01:09Z,MINT,24,48,196
2021-10-25T02:01:09Z,MINT,411,213,585
2021-10-25T02:01:09Z,MINT,-122,111,450
2021-10-25T02:01:09Z,MINT,0,2,0
2021-10-25T02:01:09Z,MINT,0,0,7
2021-10-25T02:01:09Z,MINT,1000,69,69
2021-10-25T02:01:09Z,MINT,-69,-69,420
2021-10-25T02:01:09Z,MINT,3,2,0
2021-10-25T02:01:03Z,MINT,-16,271,-896
2021-10-25T02:01:03Z,MINT,24,3,83
2021-10-25T02:01:03Z,MINT,-420,-69,69
2021-10-25T02:01:03Z,MINT,12,34,56
2021-10-25T02:01:03Z,MINT,-69,-69,-69
2021-10-25T02:01:03Z,MINT,333,-965,-82
2021-10-25T02:01:03Z,MINT,1000,1000,1000
2021-10-25T02:01:03Z,MINT,-284,-137,-745
2021-10-25T02:01:03Z,MINT,965,-61,-538
2021-10-25T02:01:03Z,MINT,420,420,69
2021-10-25T02:01:03Z,MINT,0,0,7
2021-10-25T02:01:03Z,MINT,-999,201,563
2021-10-25T02:01:03Z,MINT,-392,996,-666
2021-10-25T02:01:03Z,MINT,10,0,10
2021-10-25T02:01:03Z,MINT,45,55,86
2021-10-25T02:01:03Z,MINT,101,101,101
2021-10-25T02:01:03Z,MINT,836,-298,285
2021-10-25T02:01:03Z,MINT,5,8,0
2021-10-25T02:01:03Z,MINT,-59,71,676
2021-10-25T02:01:03Z,MINT,390,-65,377
2021-10-25T02:01:03Z,MINT,420,69,69
2021-10-25T02:01:03Z,MINT,650,-169,-899
2021-10-25T02:01:03Z,MINT,10,10,10
2021-10-25T02:01:03Z,MINT,69,420,690
2021-10-25T02:01:03Z,MINT,-891,-61,-862
2021-10-25T02:00:57Z,MINT,12,18,96
2021-10-25T02:00:57Z,MINT,-420,-59,59
2021-10-25T02:00:57Z,MINT,942,-682,15
2021-10-25T02:00:57Z,MINT,-545,-39,-50
2021-10-25T02:00:57Z,MINT,777,777,777
2021-10-25T02:00:57Z,MINT,729,-279,886
2021-10-25T02:00:57Z,MINT,777,777,777
2021-10-25T02:00:57Z,MINT,777,777,777
2021-10-25T02:00:57Z,MINT,1,3,9
2021-10-25T02:00:57Z,MINT,123,123,123
2021-10-25T02:00:57Z,MINT,10,22,21
2021-10-25T02:00:57Z,MINT,-888,-888,-888
2021-10-25T02:00:57Z,MINT,256,200,8
2021-10-25T02:00:57Z,MINT,800,87,355
2021-10-25T02:00:57Z,MINT,-312,-205,486
2021-10-25T02:00:57Z,MINT,72,7,6
2021-10-25T02:00:57Z,MINT,3,4,20
2021-10-25T02:00:57Z,MINT,69,420,69
2021-10-25T02:00:57Z,MINT,4,11,96
2021-10-25T02:00:57Z,MINT,886,-121,907
2021-10-25T02:00:57Z,MINT,469,-740,275
2021-10-25T02:00:57Z,MINT,-6,-6,-6
2021-10-25T02:00:57Z,MINT,18,136,128
2021-10-25T02:00:57Z,MINT,101,101,101
2021-10-25T02:00:57Z,MINT,-4,-20,-69
2021-10-25T02:00:57Z,MINT,-151,442,216
2021-10-25T02:00:57Z,MINT,-69,-69,-69
2021-10-25T02:00:49Z,MINT,213,977,-734
2021-10-25T02:00:49Z,MINT,9,30,20
2021-10-25T02:00:49Z,MINT,4,5,6
2021-10-25T02:00:49Z,MINT,88,88,88
2021-10-25T02:00:49Z,MINT,-229,-266,-296
2021-10-25T02:00:49Z,MINT,113,662,655
2021-10-25T02:00:49Z,MINT,777,777,777
2021-10-25T02:00:49Z,MINT,10,9,10
2021-10-25T02:00:49Z,MINT,88,888,88
2021-10-25T02:00:49Z,MINT,-436,397,460
2021-10-25T02:00:49Z,MINT,12,8,85
2021-10-25T02:00:49Z,MINT,-643,430,320
2021-10-25T02:00:49Z,MINT,-221,259,-836
2021-10-25T02:00:49Z,MINT,-329,-875,-762
2021-10-25T02:00:49Z,MINT,123,456,789
2021-10-25T02:00:49Z,MINT,69,420,8
2021-10-25T02:00:49Z,MINT,420,69,0
2021-10-25T02:00:49Z,MINT,24,10,21
2021-10-25T02:00:49Z,MINT,-69,69,-69
2021-10-25T02:00:49Z,MINT,100,100,-100
2021-10-25T02:00:49Z,MINT,888,888,889
2021-10-25T02:00:49Z,MINT,93,-811,49
2021-10-25T02:00:49Z,MINT,777,777,777
2021-10-25T02:00:49Z,MINT,781,20,30
2021-10-25T02:00:49Z,MINT,-305,-729,-137
2021-10-25T02:00:49Z,MINT,174,825,526
2021-10-25T02:00:49Z,MINT,897,897,897
2021-10-25T02:00:49Z,MINT,13,86,188
2021-10-25T02:00:49Z,MINT,88,88,88
2021-10-25T02:00:49Z,MINT,8,8,8
2021-10-25T02:00:49Z,MINT,18,1,28
2021-10-25T02:00:49Z,MINT,13,113,13
2021-10-25T02:00:49Z,MINT,13,5,17
2021-10-25T02:00:49Z,MINT,11,11,11
2021-10-25T02:00:49Z,MINT,3,1,91
2021-10-25T02:00:49Z,MINT,27,9,1000
2021-10-25T02:00:49Z,MINT,88,88,88
2021-10-25T02:00:49Z,MINT,30,9,91
2021-10-25T02:00:49Z,MINT,777,777,777
2021-10-25T02:00:36Z,MINT,-508,-390,431
2021-10-25T02:00:36Z,MINT,2,-2,2
2021-10-25T02:00:36Z,MINT,666,666,666
2021-10-25T02:00:36Z,MINT,424,254,252
2021-10-25T02:00:36Z,MINT,47,774,74
2021-10-25T02:00:36Z,MINT,816,1000,13
2021-10-25T02:00:36Z,MINT,-686,-913,-522
2021-10-25T02:00:36Z,MINT,69,69,420
2021-10-25T02:00:36Z,MINT,14,11,73
2021-10-25T02:00:36Z,MINT,503,635,-92
2021-10-25T02:00:36Z,MINT,2,5,9
2021-10-25T02:00:36Z,MINT,7,17,777
2021-10-25T02:00:36Z,MINT,2,8,17
2021-10-25T02:00:36Z,MINT,76,224,-145
2021-10-25T02:00:36Z,MINT,1,2,3
2021-10-25T02:00:36Z,MINT,-820,-410,957
2021-10-25T02:00:36Z,MINT,4,15,23
2021-10-25T02:00:36Z,MINT,8,8,8
2021-10-25T02:00:36Z,MINT,888,888,888
2021-10-25T02:00:36Z,MINT,-184,459,558
2021-10-25T02:00:36Z,MINT,1,2,3
2021-10-25T02:00:36Z,MINT,472,400,0
2021-10-25T02:00:29Z,MINT,11,24,94
2021-10-25T02:00:29Z,MINT,111,111,111
2021-10-25T02:00:29Z,MINT,124,167,1000
2021-10-25T02:00:29Z,MINT,69,69,69
2021-10-25T02:00:29Z,MINT,0,5,8
2021-10-25T02:00:29Z,MINT,-22,227,-892
2021-10-25T02:00:29Z,MINT,3,14,15
2021-10-25T02:00:29Z,MINT,456,634,235
2021-10-25T02:00:29Z,MINT,1,1,1
2021-10-25T02:00:29Z,MINT,905,20,18
2021-10-25T02:00:29Z,MINT,-666,69,-420
2021-10-25T02:00:29Z,MINT,28,569,-333
2021-10-25T02:00:29Z,MINT,4,2,0
2021-10-25T02:00:29Z,MINT,-573,-739,-876
2021-10-25T02:00:29Z,MINT,83,-6,-6
2021-10-25T02:00:29Z,MINT,123,279,20
2021-10-25T02:00:29Z,MINT,562,120,-142
2021-10-25T02:00:29Z,MINT,0,0,0
2021-10-25T02:00:29Z,MINT,8,16,32
2021-10-25T02:00:29Z,MINT,0,0,0
2021-10-25T02:00:29Z,MINT,69,4,20
2021-10-25T02:00:29Z,MINT,-690,690,690
2021-10-25T02:00:29Z,MINT,-883,-475,-142
2021-10-25T02:00:29Z,MINT,42,42,42
2021-10-25T02:00:29Z,MINT,69,69,69
2021-10-25T02:00:29Z,MINT,1,1,1
2021-10-25T02:00:29Z,MINT,21,19,20
2021-10-25T02:00:29Z,MINT,39,-85,70
2021-10-25T02:00:29Z,MINT,90,60,90
2021-10-25T02:00:29Z,MINT,69,69,69
2021-10-25T02:00:29Z,MINT,-83,775,648
2021-10-25T02:00:29Z,MINT,714,-538,737
2021-10-25T02:00:29Z,MINT,555,444,222
2021-10-25T02:00:29Z,MINT,9,30,21
2021-10-25T02:00:29Z,MINT,69,69,888
2021-10-25T02:00:29Z,MINT,661,21,18
2021-10-25T02:00:29Z,MINT,3,3,3
2021-10-25T02:00:29Z,MINT,-1,-1,-1
2021-10-25T02:00:29Z,MINT,-299,827,-863
2021-10-25T02:00:23Z,MINT,7,7,7
2021-10-25T02:00:23Z,MINT,4,2,0
2021-10-25T02:00:23Z,MINT,888,888,888
2021-10-25T02:00:23Z,MINT,666,420,69
2021-10-25T02:00:23Z,MINT,3,3,3
2021-10-25T02:00:23Z,MINT,114,612,715
2021-10-25T02:00:23Z,MINT,0,0,0
2021-10-25T02:00:23Z,MINT,-646,840,-974
2021-10-25T02:00:23Z,MINT,4,20,69
2021-10-25T02:00:23Z,MINT,77,77,77
2021-10-25T02:00:23Z,MINT,10,9,13
2021-10-25T02:00:23Z,MINT,1,1,1
2021-10-25T02:00:23Z,MINT,69,69,69
2021-10-25T02:00:23Z,MINT,420,69,420
2021-10-25T02:00:23Z,MINT,24,581,671
2021-10-25T02:00:23Z,MINT,0,0,0
2021-10-25T02:00:23Z,MINT,-13,147,-338
2021-10-25T02:00:23Z,MINT,27,99,15
2021-10-25T02:00:23Z,MINT,9,9,9
2021-10-25T02:00:23Z,MINT,6,6,6
2021-10-25T02:00:23Z,MINT,8,8,8
2021-10-25T02:00:23Z,MINT,5,5,5
2021-10-25T02:00:23Z,MINT,9,30,21
2021-10-25T02:00:23Z,MINT,8,8,8
2021-10-25T02:00:23Z,MINT,420,420,420
2021-10-25T02:00:23Z,MINT,7,7,7
2021-10-25T02:00:23Z,MINT,30,9,21
2021-10-25T02:00:23Z,MINT,3,3,3
2021-10-25T02:00:23Z,MINT,26,56,3
2021-10-25T02:00:23Z,MINT,3,0,3
2021-10-25T02:00:23Z,MINT,100,100,100
2021-10-25T02:00:23Z,MINT,1,1,1
2021-10-25T02:00:23Z,MINT,648,-36,-900
2021-10-25T02:00:23Z,MINT,221,-174,256
2021-10-25T02:00:23Z,MINT,19,2,992
2021-10-25T02:00:23Z,MINT,73,12,24
2021-10-25T02:00:23Z,MINT,420,69,420
2021-10-25T02:00:23Z,MINT,151,829,20
2021-10-25T02:00:23Z,MINT,6,6,6
2021-10-25T02:00:23Z,MINT,29,2,20
2021-10-25T02:00:16Z,MINT,69,69,69
2021-10-25T02:00:16Z,MINT,1,1,1
2021-10-25T02:00:16Z,MINT,1,4,6
2021-10-25T02:00:16Z,MINT,0,6,9
2021-10-25T02:00:16Z,MINT,2,2,2
2021-10-25T02:00:16Z,MINT,888,888,888
2021-10-25T02:00:16Z,MINT,1,1,1
2021-10-25T02:00:16Z,MINT,69,69,69
2021-10-25T02:00:16Z,MINT,17,17,17
2021-10-25T02:00:16Z,MINT,7,7,7
2021-10-25T02:00:16Z,MINT,888,888,888
2021-10-25T02:00:16Z,MINT,1,1,1
2021-10-25T02:00:16Z,MINT,0,0,0
2021-10-25T02:00:16Z,MINT,12,12,12
2021-10-25T02:00:16Z,MINT,1,1,1
2021-10-25T02:00:16Z,MINT,7,7,7
2021-10-25T02:00:16Z,MINT,0,0,0
2021-10-25T02:00:16Z,MINT,-310,225,-838
2021-10-25T02:00:16Z,MINT,13,13,13
2021-10-25T02:00:16Z,MINT,6,6,6
2021-10-25T02:00:16Z,MINT,1,1,1
2021-10-25T02:00:16Z,MINT,7,7,7
2021-10-25T02:00:16Z,MINT,17,17,17
2021-10-25T02:00:16Z,MINT,888,888,888
2021-10-25T01:23:47Z,MOVE,24,25,26
2021-10-25T00:51:31Z,MINT,-649,-563,-89
